Sexo,Edad,Días trabajados en el domicilio particular,Unidad,Periodo,Total,
Ambos sexos,Total,Total,Valor absoluto,2020T4,19.344,3
Ambos sexos,Total,Total,Valor absoluto,2020T3,,9
Ambos sexos,Total,Total,Valor absoluto,2020T2,,2
Ambos sexos,Total,Total,Porcentaje,2020T4,100,0
Ambos sexos,Total,Total,Porcentaje,2020T3,100,0
Ambos sexos,Total,Total,Porcentaje,2020T2,100,0
Ambos sexos,Total,Ocasionalmente,Valor absoluto,2020T4,933,5
Ambos sexos,Total,Ocasionalmente,Valor absoluto,2020T3,802,6
Ambos sexos,Total,Ocasionalmente,Valor absoluto,2020T2,539,0
Ambos sexos,Total,Ocasionalmente,Porcentaje,2020T4,4,8
Ambos sexos,Total,Ocasionalmente,Porcentaje,2020T3,4,2
Ambos sexos,Total,Ocasionalmente,Porcentaje,2020T2,2,9
Ambos sexos,Total,Más de la mitad de los días que trabajó,Valor absoluto,2020T4,1.923,8
Ambos sexos,Total,Más de la mitad de los días que trabajó,Valor absoluto,2020T3,1.975,1
Ambos sexos,Total,Más de la mitad de los días que trabajó,Valor absoluto,2020T2,3.015,2
Ambos sexos,Total,Más de la mitad de los días que trabajó,Porcentaje,2020T4,9,9
Ambos sexos,Total,Más de la mitad de los días que trabajó,Porcentaje,2020T3,10,3
Ambos sexos,Total,Más de la mitad de los días que trabajó,Porcentaje,2020T2,16,2
Ambos sexos,Total,Ningún día,Valor absoluto,2020T4,16.245,0
Ambos sexos,Total,Ningún día,Valor absoluto,2020T3,16.189,2
Ambos sexos,Total,Ningún día,Valor absoluto,2020T2,14.633,4
Ambos sexos,Total,Ningún día,Porcentaje,2020T4,84,0
Ambos sexos,Total,Ningún día,Porcentaje,2020T3,84,4
Ambos sexos,Total,Ningún día,Porcentaje,2020T2,78,6
Ambos sexos,Total,No sabe,Valor absoluto,2020T4,241,9
Ambos sexos,Total,No sabe,Valor absoluto,2020T3,210,0
Ambos sexos,Total,No sabe,Valor absoluto,2020T2,419,6
Ambos sexos,Total,No sabe,Porcentaje,2020T4,1,3
Ambos sexos,Total,No sabe,Porcentaje,2020T3,1,1
Ambos sexos,Total,No sabe,Porcentaje,2020T2,2,3
Ambos sexos,De 16 a 24 años,Total,Valor absoluto,2020T4,853,8
Ambos sexos,De 16 a 24 años,Total,Valor absoluto,2020T3,916,3
Ambos sexos,De 16 a 24 años,Total,Valor absoluto,2020T2,777,9
Ambos sexos,De 16 a 24 años,Total,Porcentaje,2020T4,100,0
Ambos sexos,De 16 a 24 años,Total,Porcentaje,2020T3,100,0
Ambos sexos,De 16 a 24 años,Total,Porcentaje,2020T2,100,0
Ambos sexos,De 16 a 24 años,Ocasionalmente,Valor absoluto,2020T4,18,9
Ambos sexos,De 16 a 24 años,Ocasionalmente,Valor absoluto,2020T3,9,6
Ambos sexos,De 16 a 24 años,Ocasionalmente,Valor absoluto,2020T2,5,4
Ambos sexos,De 16 a 24 años,Ocasionalmente,Porcentaje,2020T4,2,2
Ambos sexos,De 16 a 24 años,Ocasionalmente,Porcentaje,2020T3,1,0
Ambos sexos,De 16 a 24 años,Ocasionalmente,Porcentaje,2020T2,0,7
Ambos sexos,De 16 a 24 años,Más de la mitad de los días que trabajó,Valor absoluto,2020T4,49,0
Ambos sexos,De 16 a 24 años,Más de la mitad de los días que trabajó,Valor absoluto,2020T3,35,7
Ambos sexos,De 16 a 24 años,Más de la mitad de los días que trabajó,Valor absoluto,2020T2,67,2
Ambos sexos,De 16 a 24 años,Más de la mitad de los días que trabajó,Porcentaje,2020T4,5,7
Ambos sexos,De 16 a 24 años,Más de la mitad de los días que trabajó,Porcentaje,2020T3,3,9
Ambos sexos,De 16 a 24 años,Más de la mitad de los días que trabajó,Porcentaje,2020T2,8,6
Ambos sexos,De 16 a 24 años,Ningún día,Valor absoluto,2020T4,772,3
Ambos sexos,De 16 a 24 años,Ningún día,Valor absoluto,2020T3,861,5
Ambos sexos,De 16 a 24 años,Ningún día,Valor absoluto,2020T2,675,1
Ambos sexos,De 16 a 24 años,Ningún día,Porcentaje,2020T4,90,5
Ambos sexos,De 16 a 24 años,Ningún día,Porcentaje,2020T3,94,0
Ambos sexos,De 16 a 24 años,Ningún día,Porcentaje,2020T2,86,8
Ambos sexos,De 16 a 24 años,No sabe,Valor absoluto,2020T4,13,6
Ambos sexos,De 16 a 24 años,No sabe,Valor absoluto,2020T3,9,4
Ambos sexos,De 16 a 24 años,No sabe,Valor absoluto,2020T2,30,2
Ambos sexos,De 16 a 24 años,No sabe,Porcentaje,2020T4,1,6
Ambos sexos,De 16 a 24 años,No sabe,Porcentaje,2020T3,1,0
Ambos sexos,De 16 a 24 años,No sabe,Porcentaje,2020T2,3,9
Ambos sexos,De 25 a 34 años,Total,Valor absoluto,2020T4,3.627,0
Ambos sexos,De 25 a 34 años,Total,Valor absoluto,2020T3,3.53,9
Ambos sexos,De 25 a 34 años,Total,Valor absoluto,2020T2,3.399,7
Ambos sexos,De 25 a 34 años,Total,Porcentaje,2020T4,100,0
Ambos sexos,De 25 a 34 años,Total,Porcentaje,2020T3,100,0
Ambos sexos,De 25 a 34 años,Total,Porcentaje,2020T2,100,0
Ambos sexos,De 25 a 34 años,Ocasionalmente,Valor absoluto,2020T4,152,2
Ambos sexos,De 25 a 34 años,Ocasionalmente,Valor absoluto,2020T3,116,1
Ambos sexos,De 25 a 34 años,Ocasionalmente,Valor absoluto,2020T2,73,0
Ambos sexos,De 25 a 34 años,Ocasionalmente,Porcentaje,2020T4,4,2
Ambos sexos,De 25 a 34 años,Ocasionalmente,Porcentaje,2020T3,3,3
Ambos sexos,De 25 a 34 años,Ocasionalmente,Porcentaje,2020T2,2,1
Ambos sexos,De 25 a 34 años,Más de la mitad de los días que trabajó,Valor absoluto,2020T4,359,9
Ambos sexos,De 25 a 34 años,Más de la mitad de los días que trabajó,Valor absoluto,2020T3,375,9
Ambos sexos,De 25 a 34 años,Más de la mitad de los días que trabajó,Valor absoluto,2020T2,540,0
Ambos sexos,De 25 a 34 años,Más de la mitad de los días que trabajó,Porcentaje,2020T4,9,9
Ambos sexos,De 25 a 34 años,Más de la mitad de los días que trabajó,Porcentaje,2020T3,10,6
Ambos sexos,De 25 a 34 años,Más de la mitad de los días que trabajó,Porcentaje,2020T2,15,9
Ambos sexos,De 25 a 34 años,Ningún día,Valor absoluto,2020T4,3.053,4
Ambos sexos,De 25 a 34 años,Ningún día,Valor absoluto,2020T3,2.992,4
Ambos sexos,De 25 a 34 años,Ningún día,Valor absoluto,2020T2,2.682,6
Ambos sexos,De 25 a 34 años,Ningún día,Porcentaje,2020T4,84,2
Ambos sexos,De 25 a 34 años,Ningún día,Porcentaje,2020T3,84,7
Ambos sexos,De 25 a 34 años,Ningún día,Porcentaje,2020T2,78,9
Ambos sexos,De 25 a 34 años,No sabe,Valor absoluto,2020T4,61,5
Ambos sexos,De 25 a 34 años,No sabe,Valor absoluto,2020T3,46,6
Ambos sexos,De 25 a 34 años,No sabe,Valor absoluto,2020T2,104,1
Ambos sexos,De 25 a 34 años,No sabe,Porcentaje,2020T4,1,7
Ambos sexos,De 25 a 34 años,No sabe,Porcentaje,2020T3,1,3
Ambos sexos,De 25 a 34 años,No sabe,Porcentaje,2020T2,3,1
Ambos sexos,De 35 a 44 años,Total,Valor absoluto,2020T4,5.435,4
Ambos sexos,De 35 a 44 años,Total,Valor absoluto,2020T3,5.445,7
Ambos sexos,De 35 a 44 años,Total,Valor absoluto,2020T2,5.321,5
Ambos sexos,De 35 a 44 años,Total,Porcentaje,2020T4,100,0
Ambos sexos,De 35 a 44 años,Total,Porcentaje,2020T3,100,0
Ambos sexos,De 35 a 44 años,Total,Porcentaje,2020T2,100,0
Ambos sexos,De 35 a 44 años,Ocasionalmente,Valor absoluto,2020T4,271,6
Ambos sexos,De 35 a 44 años,Ocasionalmente,Valor absoluto,2020T3,251,4
Ambos sexos,De 35 a 44 años,Ocasionalmente,Valor absoluto,2020T2,165,2
Ambos sexos,De 35 a 44 años,Ocasionalmente,Porcentaje,2020T4,5,0
Ambos sexos,De 35 a 44 años,Ocasionalmente,Porcentaje,2020T3,4,6
Ambos sexos,De 35 a 44 años,Ocasionalmente,Porcentaje,2020T2,3,1
Ambos sexos,De 35 a 44 años,Más de la mitad de los días que trabajó,Valor absoluto,2020T4,603,1
Ambos sexos,De 35 a 44 años,Más de la mitad de los días que trabajó,Valor absoluto,2020T3,621,9
Ambos sexos,De 35 a 44 años,Más de la mitad de los días que trabajó,Valor absoluto,2020T2,924,6
Ambos sexos,De 35 a 44 años,Más de la mitad de los días que trabajó,Porcentaje,2020T4,11,1
Ambos sexos,De 35 a 44 años,Más de la mitad de los días que trabajó,Porcentaje,2020T3,11,4
Ambos sexos,De 35 a 44 años,Más de la mitad de los días que trabajó,Porcentaje,2020T2,17,4
Ambos sexos,De 35 a 44 años,Ningún día,Valor absoluto,2020T4,4.497,9
Ambos sexos,De 35 a 44 años,Ningún día,Valor absoluto,2020T3,4.509,0
Ambos sexos,De 35 a 44 años,Ningún día,Valor absoluto,2020T2,4.118,6
Ambos sexos,De 35 a 44 años,Ningún día,Porcentaje,2020T4,82,8
Ambos sexos,De 35 a 44 años,Ningún día,Porcentaje,2020T3,82,8
Ambos sexos,De 35 a 44 años,Ningún día,Porcentaje,2020T2,77,4
Ambos sexos,De 35 a 44 años,No sabe,Valor absoluto,2020T4,62,7
Ambos sexos,De 35 a 44 años,No sabe,Valor absoluto,2020T3,63,4
Ambos sexos,De 35 a 44 años,No sabe,Valor absoluto,2020T2,113,1
Ambos sexos,De 35 a 44 años,No sabe,Porcentaje,2020T4,1,2
Ambos sexos,De 35 a 44 años,No sabe,Porcentaje,2020T3,1,2
Ambos sexos,De 35 a 44 años,No sabe,Porcentaje,2020T2,2,1
Ambos sexos,De 45 a 54 años,Total,Valor absoluto,2020T4,5.637,6
Ambos sexos,De 45 a 54 años,Total,Valor absoluto,2020T3,5.557,5
Ambos sexos,De 45 a 54 años,Total,Valor absoluto,2020T2,5.483,7
Ambos sexos,De 45 a 54 años,Total,Porcentaje,2020T4,100,0
Ambos sexos,De 45 a 54 años,Total,Porcentaje,2020T3,100,0
Ambos sexos,De 45 a 54 años,Total,Porcentaje,2020T2,100,0
Ambos sexos,De 45 a 54 años,Ocasionalmente,Valor absoluto,2020T4,296,8
Ambos sexos,De 45 a 54 años,Ocasionalmente,Valor absoluto,2020T3,258,4
Ambos sexos,De 45 a 54 años,Ocasionalmente,Valor absoluto,2020T2,178,4
Ambos sexos,De 45 a 54 años,Ocasionalmente,Porcentaje,2020T4,5,3
Ambos sexos,De 45 a 54 años,Ocasionalmente,Porcentaje,2020T3,4,6
Ambos sexos,De 45 a 54 años,Ocasionalmente,Porcentaje,2020T2,3,3
Ambos sexos,De 45 a 54 años,Más de la mitad de los días que trabajó,Valor absoluto,2020T4,555,3
Ambos sexos,De 45 a 54 años,Más de la mitad de los días que trabajó,Valor absoluto,2020T3,587,6
Ambos sexos,De 45 a 54 años,Más de la mitad de los días que trabajó,Valor absoluto,2020T2,920,1
Ambos sexos,De 45 a 54 años,Más de la mitad de los días que trabajó,Porcentaje,2020T4,9,9
Ambos sexos,De 45 a 54 años,Más de la mitad de los días que trabajó,Porcentaje,2020T3,10,6
Ambos sexos,De 45 a 54 años,Más de la mitad de los días que trabajó,Porcentaje,2020T2,16,8
Ambos sexos,De 45 a 54 años,Ningún día,Valor absoluto,2020T4,4.719,8
Ambos sexos,De 45 a 54 años,Ningún día,Valor absoluto,2020T3,4.654,5
Ambos sexos,De 45 a 54 años,Ningún día,Valor absoluto,2020T2,4.272,6
Ambos sexos,De 45 a 54 años,Ningún día,Porcentaje,2020T4,83,7
Ambos sexos,De 45 a 54 años,Ningún día,Porcentaje,2020T3,83,8
Ambos sexos,De 45 a 54 años,Ningún día,Porcentaje,2020T2,77,9
Ambos sexos,De 45 a 54 años,No sabe,Valor absoluto,2020T4,65,7
Ambos sexos,De 45 a 54 años,No sabe,Valor absoluto,2020T3,57,0
Ambos sexos,De 45 a 54 años,No sabe,Valor absoluto,2020T2,112,6
Ambos sexos,De 45 a 54 años,No sabe,Porcentaje,2020T4,1,2
Ambos sexos,De 45 a 54 años,No sabe,Porcentaje,2020T3,1,0
Ambos sexos,De 45 a 54 años,No sabe,Porcentaje,2020T2,2,1
Ambos sexos,55 y más años,Total,Valor absoluto,2020T4,3.79,6
Ambos sexos,55 y más años,Total,Valor absoluto,2020T3,3.726,5
Ambos sexos,55 y más años,Total,Valor absoluto,2020T2,3.624,4
Ambos sexos,55 y más años,Total,Porcentaje,2020T4,100,0
Ambos sexos,55 y más años,Total,Porcentaje,2020T3,100,0
Ambos sexos,55 y más años,Total,Porcentaje,2020T2,100,0
Ambos sexos,55 y más años,Ocasionalmente,Valor absoluto,2020T4,194,1
Ambos sexos,55 y más años,Ocasionalmente,Valor absoluto,2020T3,167,2
Ambos sexos,55 y más años,Ocasionalmente,Valor absoluto,2020T2,117,0
Ambos sexos,55 y más años,Ocasionalmente,Porcentaje,2020T4,5,1
Ambos sexos,55 y más años,Ocasionalmente,Porcentaje,2020T3,4,5
Ambos sexos,55 y más años,Ocasionalmente,Porcentaje,2020T2,3,2
Ambos sexos,55 y más años,Más de la mitad de los días que trabajó,Valor absoluto,2020T4,356,4
Ambos sexos,55 y más años,Más de la mitad de los días que trabajó,Valor absoluto,2020T3,353,9
Ambos sexos,55 y más años,Más de la mitad de los días que trabajó,Valor absoluto,2020T2,563,4
Ambos sexos,55 y más años,Más de la mitad de los días que trabajó,Porcentaje,2020T4,9,4
Ambos sexos,55 y más años,Más de la mitad de los días que trabajó,Porcentaje,2020T3,9,5
Ambos sexos,55 y más años,Más de la mitad de los días que trabajó,Porcentaje,2020T2,15,5
Ambos sexos,55 y más años,Ningún día,Valor absoluto,2020T4,3.201,6
Ambos sexos,55 y más años,Ningún día,Valor absoluto,2020T3,3.171,9
Ambos sexos,55 y más años,Ningún día,Valor absoluto,2020T2,2.884,4
Ambos sexos,55 y más años,Ningún día,Porcentaje,2020T4,84,5
Ambos sexos,55 y más años,Ningún día,Porcentaje,2020T3,85,1
Ambos sexos,55 y más años,Ningún día,Porcentaje,2020T2,79,6
Ambos sexos,55 y más años,No sabe,Valor absoluto,2020T4,38,5
Ambos sexos,55 y más años,No sabe,Valor absoluto,2020T3,33,5
Ambos sexos,55 y más años,No sabe,Valor absoluto,2020T2,59,7
Ambos sexos,55 y más años,No sabe,Porcentaje,2020T4,1,0
Ambos sexos,55 y más años,No sabe,Porcentaje,2020T3,0,9
Ambos sexos,55 y más años,No sabe,Porcentaje,2020T2,1,6
Hombres,Total,Total,Valor absoluto,2020T4,10.469,8
Hombres,Total,Total,Valor absoluto,2020T3,10.454,2
Hombres,Total,Total,Valor absoluto,2020T2,10.133,4
Hombres,Total,Total,Porcentaje,2020T4,100,0
Hombres,Total,Total,Porcentaje,2020T3,100,0
Hombres,Total,Total,Porcentaje,2020T2,100,0
Hombres,Total,Ocasionalmente,Valor absoluto,2020T4,490,4
Hombres,Total,Ocasionalmente,Valor absoluto,2020T3,475,0
Hombres,Total,Ocasionalmente,Valor absoluto,2020T2,335,6
Hombres,Total,Ocasionalmente,Porcentaje,2020T4,4,7
Hombres,Total,Ocasionalmente,Porcentaje,2020T3,4,5
Hombres,Total,Ocasionalmente,Porcentaje,2020T2,3,3
Hombres,Total,Más de la mitad de los días que trabajó,Valor absoluto,2020T4,968,5
Hombres,Total,Más de la mitad de los días que trabajó,Valor absoluto,2020T3,991,1
Hombres,Total,Más de la mitad de los días que trabajó,Valor absoluto,2020T2,1.43,7
Hombres,Total,Más de la mitad de los días que trabajó,Porcentaje,2020T4,9,3
Hombres,Total,Más de la mitad de los días que trabajó,Porcentaje,2020T3,9,5
Hombres,Total,Más de la mitad de los días que trabajó,Porcentaje,2020T2,14,1
Hombres,Total,Ningún día,Valor absoluto,2020T4,8.895,5
Hombres,Total,Ningún día,Valor absoluto,2020T3,8.878,9
Hombres,Total,Ningún día,Valor absoluto,2020T2,8.166,7
Hombres,Total,Ningún día,Porcentaje,2020T4,85,0
Hombres,Total,Ningún día,Porcentaje,2020T3,84,9
Hombres,Total,Ningún día,Porcentaje,2020T2,80,6
Hombres,Total,No sabe,Valor absoluto,2020T4,115,3
Hombres,Total,No sabe,Valor absoluto,2020T3,109,3
Hombres,Total,No sabe,Valor absoluto,2020T2,200,4
Hombres,Total,No sabe,Porcentaje,2020T4,1,1
Hombres,Total,No sabe,Porcentaje,2020T3,1,0
Hombres,Total,No sabe,Porcentaje,2020T2,2,0
Hombres,De 16 a 24 años,Total,Valor absoluto,2020T4,476,3
Hombres,De 16 a 24 años,Total,Valor absoluto,2020T3,518,5
Hombres,De 16 a 24 años,Total,Valor absoluto,2020T2,445,5
Hombres,De 16 a 24 años,Total,Porcentaje,2020T4,100,0
Hombres,De 16 a 24 años,Total,Porcentaje,2020T3,100,0
Hombres,De 16 a 24 años,Total,Porcentaje,2020T2,100,0
Hombres,De 16 a 24 años,Ocasionalmente,Valor absoluto,2020T4,7,9
Hombres,De 16 a 24 años,Ocasionalmente,Valor absoluto,2020T3,5,1
Hombres,De 16 a 24 años,Ocasionalmente,Valor absoluto,2020T2,2,9
Hombres,De 16 a 24 años,Ocasionalmente,Porcentaje,2020T4,1,6
Hombres,De 16 a 24 años,Ocasionalmente,Porcentaje,2020T3,1,0
Hombres,De 16 a 24 años,Ocasionalmente,Porcentaje,2020T2,0,7
Hombres,De 16 a 24 años,Más de la mitad de los días que trabajó,Valor absoluto,2020T4,25,7
Hombres,De 16 a 24 años,Más de la mitad de los días que trabajó,Valor absoluto,2020T3,19,4
Hombres,De 16 a 24 años,Más de la mitad de los días que trabajó,Valor absoluto,2020T2,37,4
Hombres,De 16 a 24 años,Más de la mitad de los días que trabajó,Porcentaje,2020T4,5,4
Hombres,De 16 a 24 años,Más de la mitad de los días que trabajó,Porcentaje,2020T3,3,7
Hombres,De 16 a 24 años,Más de la mitad de los días que trabajó,Porcentaje,2020T2,8,4
Hombres,De 16 a 24 años,Ningún día,Valor absoluto,2020T4,436,9
Hombres,De 16 a 24 años,Ningún día,Valor absoluto,2020T3,488,2
Hombres,De 16 a 24 años,Ningún día,Valor absoluto,2020T2,391,5
Hombres,De 16 a 24 años,Ningún día,Porcentaje,2020T4,91,7
Hombres,De 16 a 24 años,Ningún día,Porcentaje,2020T3,94,1
Hombres,De 16 a 24 años,Ningún día,Porcentaje,2020T2,87,9
Hombres,De 16 a 24 años,No sabe,Valor absoluto,2020T4,5,8
Hombres,De 16 a 24 años,No sabe,Valor absoluto,2020T3,5,8
Hombres,De 16 a 24 años,No sabe,Valor absoluto,2020T2,13,7
Hombres,De 16 a 24 años,No sabe,Porcentaje,2020T4,1,2
Hombres,De 16 a 24 años,No sabe,Porcentaje,2020T3,1,1
Hombres,De 16 a 24 años,No sabe,Porcentaje,2020T2,3,1
Hombres,De 25 a 34 años,Total,Valor absoluto,2020T4,1.895,3
Hombres,De 25 a 34 años,Total,Valor absoluto,2020T3,1.842,6
Hombres,De 25 a 34 años,Total,Valor absoluto,2020T2,1.792,4
Hombres,De 25 a 34 años,Total,Porcentaje,2020T4,100,0
Hombres,De 25 a 34 años,Total,Porcentaje,2020T3,100,0
Hombres,De 25 a 34 años,Total,Porcentaje,2020T2,100,0
Hombres,De 25 a 34 años,Ocasionalmente,Valor absoluto,2020T4,73,5
Hombres,De 25 a 34 años,Ocasionalmente,Valor absoluto,2020T3,58,4
Hombres,De 25 a 34 años,Ocasionalmente,Valor absoluto,2020T2,43,0
Hombres,De 25 a 34 años,Ocasionalmente,Porcentaje,2020T4,3,9
Hombres,De 25 a 34 años,Ocasionalmente,Porcentaje,2020T3,3,2
Hombres,De 25 a 34 años,Ocasionalmente,Porcentaje,2020T2,2,4
Hombres,De 25 a 34 años,Más de la mitad de los días que trabajó,Valor absoluto,2020T4,186,3
Hombres,De 25 a 34 años,Más de la mitad de los días que trabajó,Valor absoluto,2020T3,193,4
Hombres,De 25 a 34 años,Más de la mitad de los días que trabajó,Valor absoluto,2020T2,252,2
Hombres,De 25 a 34 años,Más de la mitad de los días que trabajó,Porcentaje,2020T4,9,8
Hombres,De 25 a 34 años,Más de la mitad de los días que trabajó,Porcentaje,2020T3,10,5
Hombres,De 25 a 34 años,Más de la mitad de los días que trabajó,Porcentaje,2020T2,14,1
Hombres,De 25 a 34 años,Ningún día,Valor absoluto,2020T4,1.608,3
Hombres,De 25 a 34 años,Ningún día,Valor absoluto,2020T3,1.568,1
Hombres,De 25 a 34 años,Ningún día,Valor absoluto,2020T2,1.446,5
Hombres,De 25 a 34 años,Ningún día,Porcentaje,2020T4,84,9
Hombres,De 25 a 34 años,Ningún día,Porcentaje,2020T3,85,1
Hombres,De 25 a 34 años,Ningún día,Porcentaje,2020T2,80,7
Hombres,De 25 a 34 años,No sabe,Valor absoluto,2020T4,27,2
Hombres,De 25 a 34 años,No sabe,Valor absoluto,2020T3,22,7
Hombres,De 25 a 34 años,No sabe,Valor absoluto,2020T2,50,7
Hombres,De 25 a 34 años,No sabe,Porcentaje,2020T4,1,4
Hombres,De 25 a 34 años,No sabe,Porcentaje,2020T3,1,2
Hombres,De 25 a 34 años,No sabe,Porcentaje,2020T2,2,8
Hombres,De 35 a 44 años,Total,Valor absoluto,2020T4,2.926,8
Hombres,De 35 a 44 años,Total,Valor absoluto,2020T3,2.953,1
Hombres,De 35 a 44 años,Total,Valor absoluto,2020T2,2.878,3
Hombres,De 35 a 44 años,Total,Porcentaje,2020T4,100,0
Hombres,De 35 a 44 años,Total,Porcentaje,2020T3,100,0
Hombres,De 35 a 44 años,Total,Porcentaje,2020T2,100,0
Hombres,De 35 a 44 años,Ocasionalmente,Valor absoluto,2020T4,137,5
Hombres,De 35 a 44 años,Ocasionalmente,Valor absoluto,2020T3,144,5
Hombres,De 35 a 44 años,Ocasionalmente,Valor absoluto,2020T2,102,5
Hombres,De 35 a 44 años,Ocasionalmente,Porcentaje,2020T4,4,7
Hombres,De 35 a 44 años,Ocasionalmente,Porcentaje,2020T3,4,9
Hombres,De 35 a 44 años,Ocasionalmente,Porcentaje,2020T2,3,6
Hombres,De 35 a 44 años,Más de la mitad de los días que trabajó,Valor absoluto,2020T4,301,4
Hombres,De 35 a 44 años,Más de la mitad de los días que trabajó,Valor absoluto,2020T3,293,4
Hombres,De 35 a 44 años,Más de la mitad de los días que trabajó,Valor absoluto,2020T2,404,5
Hombres,De 35 a 44 años,Más de la mitad de los días que trabajó,Porcentaje,2020T4,10,3
Hombres,De 35 a 44 años,Más de la mitad de los días que trabajó,Porcentaje,2020T3,9,9
Hombres,De 35 a 44 años,Más de la mitad de los días que trabajó,Porcentaje,2020T2,14,1
Hombres,De 35 a 44 años,Ningún día,Valor absoluto,2020T4,2.461,3
Hombres,De 35 a 44 años,Ningún día,Valor absoluto,2020T3,2.484,1
Hombres,De 35 a 44 años,Ningún día,Valor absoluto,2020T2,2.317,8
Hombres,De 35 a 44 años,Ningún día,Porcentaje,2020T4,84,1
Hombres,De 35 a 44 años,Ningún día,Porcentaje,2020T3,84,1
Hombres,De 35 a 44 años,Ningún día,Porcentaje,2020T2,80,5
Hombres,De 35 a 44 años,No sabe,Valor absoluto,2020T4,26,6
Hombres,De 35 a 44 años,No sabe,Valor absoluto,2020T3,31,1
Hombres,De 35 a 44 años,No sabe,Valor absoluto,2020T2,53,6
Hombres,De 35 a 44 años,No sabe,Porcentaje,2020T4,0,9
Hombres,De 35 a 44 años,No sabe,Porcentaje,2020T3,1,1
Hombres,De 35 a 44 años,No sabe,Porcentaje,2020T2,1,9
Hombres,De 45 a 54 años,Total,Valor absoluto,2020T4,3.093,3
Hombres,De 45 a 54 años,Total,Valor absoluto,2020T3,3.069,1
Hombres,De 45 a 54 años,Total,Valor absoluto,2020T2,3.013,2
Hombres,De 45 a 54 años,Total,Porcentaje,2020T4,100,0
Hombres,De 45 a 54 años,Total,Porcentaje,2020T3,100,0
Hombres,De 45 a 54 años,Total,Porcentaje,2020T2,100,0
Hombres,De 45 a 54 años,Ocasionalmente,Valor absoluto,2020T4,159,0
Hombres,De 45 a 54 años,Ocasionalmente,Valor absoluto,2020T3,161,0
Hombres,De 45 a 54 años,Ocasionalmente,Valor absoluto,2020T2,111,0
Hombres,De 45 a 54 años,Ocasionalmente,Porcentaje,2020T4,5,1
Hombres,De 45 a 54 años,Ocasionalmente,Porcentaje,2020T3,5,2
Hombres,De 45 a 54 años,Ocasionalmente,Porcentaje,2020T2,3,7
Hombres,De 45 a 54 años,Más de la mitad de los días que trabajó,Valor absoluto,2020T4,271,1
Hombres,De 45 a 54 años,Más de la mitad de los días que trabajó,Valor absoluto,2020T3,296,5
Hombres,De 45 a 54 años,Más de la mitad de los días que trabajó,Valor absoluto,2020T2,442,8
Hombres,De 45 a 54 años,Más de la mitad de los días que trabajó,Porcentaje,2020T4,8,8
Hombres,De 45 a 54 años,Más de la mitad de los días que trabajó,Porcentaje,2020T3,9,7
Hombres,De 45 a 54 años,Más de la mitad de los días que trabajó,Porcentaje,2020T2,14,7
Hombres,De 45 a 54 años,Ningún día,Valor absoluto,2020T4,2.627,4
Hombres,De 45 a 54 años,Ningún día,Valor absoluto,2020T3,2.579,1
Hombres,De 45 a 54 años,Ningún día,Valor absoluto,2020T2,2.404,8
Hombres,De 45 a 54 años,Ningún día,Porcentaje,2020T4,84,9
Hombres,De 45 a 54 años,Ningún día,Porcentaje,2020T3,84,0
Hombres,De 45 a 54 años,Ningún día,Porcentaje,2020T2,79,8
Hombres,De 45 a 54 años,No sabe,Valor absoluto,2020T4,35,9
Hombres,De 45 a 54 años,No sabe,Valor absoluto,2020T3,32,6
Hombres,De 45 a 54 años,No sabe,Valor absoluto,2020T2,54,6
Hombres,De 45 a 54 años,No sabe,Porcentaje,2020T4,1,2
Hombres,De 45 a 54 años,No sabe,Porcentaje,2020T3,1,1
Hombres,De 45 a 54 años,No sabe,Porcentaje,2020T2,1,8
Hombres,55 y más años,Total,Valor absoluto,2020T4,2.078,0
Hombres,55 y más años,Total,Valor absoluto,2020T3,2.07,8
Hombres,55 y más años,Total,Valor absoluto,2020T2,2.004,0
Hombres,55 y más años,Total,Porcentaje,2020T4,100,0
Hombres,55 y más años,Total,Porcentaje,2020T3,100,0
Hombres,55 y más años,Total,Porcentaje,2020T2,100,0
Hombres,55 y más años,Ocasionalmente,Valor absoluto,2020T4,112,6
Hombres,55 y más años,Ocasionalmente,Valor absoluto,2020T3,106,1
Hombres,55 y más años,Ocasionalmente,Valor absoluto,2020T2,76,1
Hombres,55 y más años,Ocasionalmente,Porcentaje,2020T4,5,4
Hombres,55 y más años,Ocasionalmente,Porcentaje,2020T3,5,1
Hombres,55 y más años,Ocasionalmente,Porcentaje,2020T2,3,8
Hombres,55 y más años,Más de la mitad de los días que trabajó,Valor absoluto,2020T4,184,1
Hombres,55 y más años,Más de la mitad de los días que trabajó,Valor absoluto,2020T3,188,3
Hombres,55 y más años,Más de la mitad de los días que trabajó,Valor absoluto,2020T2,293,9
Hombres,55 y más años,Más de la mitad de los días que trabajó,Porcentaje,2020T4,8,9
Hombres,55 y más años,Más de la mitad de los días que trabajó,Porcentaje,2020T3,9,1
Hombres,55 y más años,Más de la mitad de los días que trabajó,Porcentaje,2020T2,14,7
Hombres,55 y más años,Ningún día,Valor absoluto,2020T4,1.761,5
Hombres,55 y más años,Ningún día,Valor absoluto,2020T3,1.759,5
Hombres,55 y más años,Ningún día,Valor absoluto,2020T2,1.606,1
Hombres,55 y más años,Ningún día,Porcentaje,2020T4,84,8
Hombres,55 y más años,Ningún día,Porcentaje,2020T3,85,0
Hombres,55 y más años,Ningún día,Porcentaje,2020T2,80,1
Hombres,55 y más años,No sabe,Valor absoluto,2020T4,19,9
Hombres,55 y más años,No sabe,Valor absoluto,2020T3,17,0
Hombres,55 y más años,No sabe,Valor absoluto,2020T2,27,9
Hombres,55 y más años,No sabe,Porcentaje,2020T4,1,0
Hombres,55 y más años,No sabe,Porcentaje,2020T3,0,8
Hombres,55 y más años,No sabe,Porcentaje,2020T2,1,4
Mujeres,Total,Total,Valor absoluto,2020T4,8.874,5
Mujeres,Total,Total,Valor absoluto,2020T3,8.722,7
Mujeres,Total,Total,Valor absoluto,2020T2,8.473,8
Mujeres,Total,Total,Porcentaje,2020T4,100,0
Mujeres,Total,Total,Porcentaje,2020T3,100,0
Mujeres,Total,Total,Porcentaje,2020T2,100,0
Mujeres,Total,Ocasionalmente,Valor absoluto,2020T4,443,1
Mujeres,Total,Ocasionalmente,Valor absoluto,2020T3,327,6
Mujeres,Total,Ocasionalmente,Valor absoluto,2020T2,203,5
Mujeres,Total,Ocasionalmente,Porcentaje,2020T4,5,0
Mujeres,Total,Ocasionalmente,Porcentaje,2020T3,3,8
Mujeres,Total,Ocasionalmente,Porcentaje,2020T2,2,4
Mujeres,Total,Más de la mitad de los días que trabajó,Valor absoluto,2020T4,955,3
Mujeres,Total,Más de la mitad de los días que trabajó,Valor absoluto,2020T3,984,0
Mujeres,Total,Más de la mitad de los días que trabajó,Valor absoluto,2020T2,1.584,5
Mujeres,Total,Más de la mitad de los días que trabajó,Porcentaje,2020T4,10,8
Mujeres,Total,Más de la mitad de los días que trabajó,Porcentaje,2020T3,11,3
Mujeres,Total,Más de la mitad de los días que trabajó,Porcentaje,2020T2,18,7
Mujeres,Total,Ningún día,Valor absoluto,2020T4,7.349,5
Mujeres,Total,Ningún día,Valor absoluto,2020T3,7.31,3
Mujeres,Total,Ningún día,Valor absoluto,2020T2,6.466,6
Mujeres,Total,Ningún día,Porcentaje,2020T4,82,8
Mujeres,Total,Ningún día,Porcentaje,2020T3,83,8
Mujeres,Total,Ningún día,Porcentaje,2020T2,76,3
Mujeres,Total,No sabe,Valor absoluto,2020T4,126,6
Mujeres,Total,No sabe,Valor absoluto,2020T3,100,7
Mujeres,Total,No sabe,Valor absoluto,2020T2,219,3
Mujeres,Total,No sabe,Porcentaje,2020T4,1,4
Mujeres,Total,No sabe,Porcentaje,2020T3,1,2
Mujeres,Total,No sabe,Porcentaje,2020T2,2,6
Mujeres,De 16 a 24 años,Total,Valor absoluto,2020T4,377,5
Mujeres,De 16 a 24 años,Total,Valor absoluto,2020T3,397,8
Mujeres,De 16 a 24 años,Total,Valor absoluto,2020T2,332,4
Mujeres,De 16 a 24 años,Total,Porcentaje,2020T4,100,0
Mujeres,De 16 a 24 años,Total,Porcentaje,2020T3,100,0
Mujeres,De 16 a 24 años,Total,Porcentaje,2020T2,100,0
Mujeres,De 16 a 24 años,Ocasionalmente,Valor absoluto,2020T4,11,0
Mujeres,De 16 a 24 años,Ocasionalmente,Valor absoluto,2020T3,4,5
Mujeres,De 16 a 24 años,Ocasionalmente,Valor absoluto,2020T2,2,5
Mujeres,De 16 a 24 años,Ocasionalmente,Porcentaje,2020T4,2,9
Mujeres,De 16 a 24 años,Ocasionalmente,Porcentaje,2020T3,1,1
Mujeres,De 16 a 24 años,Ocasionalmente,Porcentaje,2020T2,0,8
Mujeres,De 16 a 24 años,Más de la mitad de los días que trabajó,Valor absoluto,2020T4,23,2
Mujeres,De 16 a 24 años,Más de la mitad de los días que trabajó,Valor absoluto,2020T3,16,3
Mujeres,De 16 a 24 años,Más de la mitad de los días que trabajó,Valor absoluto,2020T2,29,8
Mujeres,De 16 a 24 años,Más de la mitad de los días que trabajó,Porcentaje,2020T4,6,2
Mujeres,De 16 a 24 años,Más de la mitad de los días que trabajó,Porcentaje,2020T3,4,1
Mujeres,De 16 a 24 años,Más de la mitad de los días que trabajó,Porcentaje,2020T2,9,0
Mujeres,De 16 a 24 años,Ningún día,Valor absoluto,2020T4,335,4
Mujeres,De 16 a 24 años,Ningún día,Valor absoluto,2020T3,373,3
Mujeres,De 16 a 24 años,Ningún día,Valor absoluto,2020T2,283,6
Mujeres,De 16 a 24 años,Ningún día,Porcentaje,2020T4,88,9
Mujeres,De 16 a 24 años,Ningún día,Porcentaje,2020T3,93,9
Mujeres,De 16 a 24 años,Ningún día,Porcentaje,2020T2,85,3
Mujeres,De 16 a 24 años,No sabe,Valor absoluto,2020T4,7,8
Mujeres,De 16 a 24 años,No sabe,Valor absoluto,2020T3,3,6
Mujeres,De 16 a 24 años,No sabe,Valor absoluto,2020T2,16,6
Mujeres,De 16 a 24 años,No sabe,Porcentaje,2020T4,2,1
Mujeres,De 16 a 24 años,No sabe,Porcentaje,2020T3,0,9
Mujeres,De 16 a 24 años,No sabe,Porcentaje,2020T2,5,0
Mujeres,De 25 a 34 años,Total,Valor absoluto,2020T4,1.731,7
Mujeres,De 25 a 34 años,Total,Valor absoluto,2020T3,1.688,3
Mujeres,De 25 a 34 años,Total,Valor absoluto,2020T2,1.607,3
Mujeres,De 25 a 34 años,Total,Porcentaje,2020T4,100,0
Mujeres,De 25 a 34 años,Total,Porcentaje,2020T3,100,0
Mujeres,De 25 a 34 años,Total,Porcentaje,2020T2,100,0
Mujeres,De 25 a 34 años,Ocasionalmente,Valor absoluto,2020T4,78,7
Mujeres,De 25 a 34 años,Ocasionalmente,Valor absoluto,2020T3,57,7
Mujeres,De 25 a 34 años,Ocasionalmente,Valor absoluto,2020T2,30,0
Mujeres,De 25 a 34 años,Ocasionalmente,Porcentaje,2020T4,4,5
Mujeres,De 25 a 34 años,Ocasionalmente,Porcentaje,2020T3,3,4
Mujeres,De 25 a 34 años,Ocasionalmente,Porcentaje,2020T2,1,9
Mujeres,De 25 a 34 años,Más de la mitad de los días que trabajó,Valor absoluto,2020T4,173,7
Mujeres,De 25 a 34 años,Más de la mitad de los días que trabajó,Valor absoluto,2020T3,182,5
Mujeres,De 25 a 34 años,Más de la mitad de los días que trabajó,Valor absoluto,2020T2,287,8
Mujeres,De 25 a 34 años,Más de la mitad de los días que trabajó,Porcentaje,2020T4,10,0
Mujeres,De 25 a 34 años,Más de la mitad de los días que trabajó,Porcentaje,2020T3,10,8
Mujeres,De 25 a 34 años,Más de la mitad de los días que trabajó,Porcentaje,2020T2,17,9
Mujeres,De 25 a 34 años,Ningún día,Valor absoluto,2020T4,1.445,0
Mujeres,De 25 a 34 años,Ningún día,Valor absoluto,2020T3,1.424,3
Mujeres,De 25 a 34 años,Ningún día,Valor absoluto,2020T2,1.236,1
Mujeres,De 25 a 34 años,Ningún día,Porcentaje,2020T4,83,4
Mujeres,De 25 a 34 años,Ningún día,Porcentaje,2020T3,84,4
Mujeres,De 25 a 34 años,Ningún día,Porcentaje,2020T2,76,9
Mujeres,De 25 a 34 años,No sabe,Valor absoluto,2020T4,34,3
Mujeres,De 25 a 34 años,No sabe,Valor absoluto,2020T3,23,9
Mujeres,De 25 a 34 años,No sabe,Valor absoluto,2020T2,53,4
Mujeres,De 25 a 34 años,No sabe,Porcentaje,2020T4,2,0
Mujeres,De 25 a 34 años,No sabe,Porcentaje,2020T3,1,4
Mujeres,De 25 a 34 años,No sabe,Porcentaje,2020T2,3,3
Mujeres,De 35 a 44 años,Total,Valor absoluto,2020T4,2.508,6
Mujeres,De 35 a 44 años,Total,Valor absoluto,2020T3,2.492,5
Mujeres,De 35 a 44 años,Total,Valor absoluto,2020T2,2.443,2
Mujeres,De 35 a 44 años,Total,Porcentaje,2020T4,100,0
Mujeres,De 35 a 44 años,Total,Porcentaje,2020T3,100,0
Mujeres,De 35 a 44 años,Total,Porcentaje,2020T2,100,0
Mujeres,De 35 a 44 años,Ocasionalmente,Valor absoluto,2020T4,134,1
Mujeres,De 35 a 44 años,Ocasionalmente,Valor absoluto,2020T3,106,9
Mujeres,De 35 a 44 años,Ocasionalmente,Valor absoluto,2020T2,62,7
Mujeres,De 35 a 44 años,Ocasionalmente,Porcentaje,2020T4,5,3
Mujeres,De 35 a 44 años,Ocasionalmente,Porcentaje,2020T3,4,3
Mujeres,De 35 a 44 años,Ocasionalmente,Porcentaje,2020T2,2,6
Mujeres,De 35 a 44 años,Más de la mitad de los días que trabajó,Valor absoluto,2020T4,301,7
Mujeres,De 35 a 44 años,Más de la mitad de los días que trabajó,Valor absoluto,2020T3,328,5
Mujeres,De 35 a 44 años,Más de la mitad de los días que trabajó,Valor absoluto,2020T2,520,1
Mujeres,De 35 a 44 años,Más de la mitad de los días que trabajó,Porcentaje,2020T4,12,0
Mujeres,De 35 a 44 años,Más de la mitad de los días que trabajó,Porcentaje,2020T3,13,2
Mujeres,De 35 a 44 años,Más de la mitad de los días que trabajó,Porcentaje,2020T2,21,3
Mujeres,De 35 a 44 años,Ningún día,Valor absoluto,2020T4,2.036,7
Mujeres,De 35 a 44 años,Ningún día,Valor absoluto,2020T3,2.024,9
Mujeres,De 35 a 44 años,Ningún día,Valor absoluto,2020T2,1.8,8
Mujeres,De 35 a 44 años,Ningún día,Porcentaje,2020T4,81,2
Mujeres,De 35 a 44 años,Ningún día,Porcentaje,2020T3,81,2
Mujeres,De 35 a 44 años,Ningún día,Porcentaje,2020T2,73,7
Mujeres,De 35 a 44 años,No sabe,Valor absoluto,2020T4,36,1
Mujeres,De 35 a 44 años,No sabe,Valor absoluto,2020T3,32,3
Mujeres,De 35 a 44 años,No sabe,Valor absoluto,2020T2,59,5
Mujeres,De 35 a 44 años,No sabe,Porcentaje,2020T4,1,4
Mujeres,De 35 a 44 años,No sabe,Porcentaje,2020T3,1,3
Mujeres,De 35 a 44 años,No sabe,Porcentaje,2020T2,2,4
Mujeres,De 45 a 54 años,Total,Valor absoluto,2020T4,2.544,2
Mujeres,De 45 a 54 años,Total,Valor absoluto,2020T3,2.488,3
Mujeres,De 45 a 54 años,Total,Valor absoluto,2020T2,2.47,4
Mujeres,De 45 a 54 años,Total,Porcentaje,2020T4,100,0
Mujeres,De 45 a 54 años,Total,Porcentaje,2020T3,100,0
Mujeres,De 45 a 54 años,Total,Porcentaje,2020T2,100,0
Mujeres,De 45 a 54 años,Ocasionalmente,Valor absoluto,2020T4,137,8
Mujeres,De 45 a 54 años,Ocasionalmente,Valor absoluto,2020T3,97,4
Mujeres,De 45 a 54 años,Ocasionalmente,Valor absoluto,2020T2,67,4
Mujeres,De 45 a 54 años,Ocasionalmente,Porcentaje,2020T4,5,4
Mujeres,De 45 a 54 años,Ocasionalmente,Porcentaje,2020T3,3,9
Mujeres,De 45 a 54 años,Ocasionalmente,Porcentaje,2020T2,2,7
Mujeres,De 45 a 54 años,Más de la mitad de los días que trabajó,Valor absoluto,2020T4,284,3
Mujeres,De 45 a 54 años,Más de la mitad de los días que trabajó,Valor absoluto,2020T3,291,1
Mujeres,De 45 a 54 años,Más de la mitad de los días que trabajó,Valor absoluto,2020T2,477,3
Mujeres,De 45 a 54 años,Más de la mitad de los días que trabajó,Porcentaje,2020T4,11,2
Mujeres,De 45 a 54 años,Más de la mitad de los días que trabajó,Porcentaje,2020T3,11,7
Mujeres,De 45 a 54 años,Más de la mitad de los días que trabajó,Porcentaje,2020T2,19,3
Mujeres,De 45 a 54 años,Ningún día,Valor absoluto,2020T4,2.092,3
Mujeres,De 45 a 54 años,Ningún día,Valor absoluto,2020T3,2.075,4
Mujeres,De 45 a 54 años,Ningún día,Valor absoluto,2020T2,1.867,8
Mujeres,De 45 a 54 años,Ningún día,Porcentaje,2020T4,82,2
Mujeres,De 45 a 54 años,Ningún día,Porcentaje,2020T3,83,4
Mujeres,De 45 a 54 años,Ningún día,Porcentaje,2020T2,75,6
Mujeres,De 45 a 54 años,No sabe,Valor absoluto,2020T4,29,9
Mujeres,De 45 a 54 años,No sabe,Valor absoluto,2020T3,24,4
Mujeres,De 45 a 54 años,No sabe,Valor absoluto,2020T2,58,0
Mujeres,De 45 a 54 años,No sabe,Porcentaje,2020T4,1,2
Mujeres,De 45 a 54 años,No sabe,Porcentaje,2020T3,1,0
Mujeres,De 45 a 54 años,No sabe,Porcentaje,2020T2,2,3
Mujeres,55 y más años,Total,Valor absoluto,2020T4,1.712,6
Mujeres,55 y más años,Total,Valor absoluto,2020T3,1.655,7
Mujeres,55 y más años,Total,Valor absoluto,2020T2,1.62,5
Mujeres,55 y más años,Total,Porcentaje,2020T4,100,0
Mujeres,55 y más años,Total,Porcentaje,2020T3,100,0
Mujeres,55 y más años,Total,Porcentaje,2020T2,100,0
Mujeres,55 y más años,Ocasionalmente,Valor absoluto,2020T4,81,5
Mujeres,55 y más años,Ocasionalmente,Valor absoluto,2020T3,61,1
Mujeres,55 y más años,Ocasionalmente,Valor absoluto,2020T2,40,8
Mujeres,55 y más años,Ocasionalmente,Porcentaje,2020T4,4,8
Mujeres,55 y más años,Ocasionalmente,Porcentaje,2020T3,3,7
Mujeres,55 y más años,Ocasionalmente,Porcentaje,2020T2,2,5
Mujeres,55 y más años,Más de la mitad de los días que trabajó,Valor absoluto,2020T4,172,4
Mujeres,55 y más años,Más de la mitad de los días que trabajó,Valor absoluto,2020T3,165,7
Mujeres,55 y más años,Más de la mitad de los días que trabajó,Valor absoluto,2020T2,269,5
Mujeres,55 y más años,Más de la mitad de los días que trabajó,Porcentaje,2020T4,10,1
Mujeres,55 y más años,Más de la mitad de los días que trabajó,Porcentaje,2020T3,10,0
Mujeres,55 y más años,Más de la mitad de los días que trabajó,Porcentaje,2020T2,16,6
Mujeres,55 y más años,Ningún día,Valor absoluto,2020T4,1.44,1
Mujeres,55 y más años,Ningún día,Valor absoluto,2020T3,1.412,4
Mujeres,55 y más años,Ningún día,Valor absoluto,2020T2,1.278,3
Mujeres,55 y más años,Ningún día,Porcentaje,2020T4,84,1
Mujeres,55 y más años,Ningún día,Porcentaje,2020T3,85,3
Mujeres,55 y más años,Ningún día,Porcentaje,2020T2,78,9
Mujeres,55 y más años,No sabe,Valor absoluto,2020T4,18,6
Mujeres,55 y más años,No sabe,Valor absoluto,2020T3,16,6
Mujeres,55 y más años,No sabe,Valor absoluto,2020T2,31,8
Mujeres,55 y más años,No sabe,Porcentaje,2020T4,1,1
Mujeres,55 y más años,No sabe,Porcentaje,2020T3,1,0
Mujeres,55 y más años,No sabe,Porcentaje,2020T2,2,0
